id,name,country,,
2bcac106,Murphy-Block,United States,,
5576fdc6,Harvey-Mann,Philippines,,
82c72f72,Lehner Group,Indonesia,,
744ef591,Lynch Inc,Taiwan,,
c847ab50,Morissette Inc,Greece,,
8582782e,Kassulke Inc,Syria,,
5007cf19,Welch and Sons,Bangladesh,,
0e5a135e,"Boyle, Bode and Kunze",Thailand,,
3d8fe48c,Hackett LLC,Czech Republic,,
8faf82e2,Collier and Sons,Slovenia,,
c6304a98,Jenkins Group,Serbia,,
bbce157c,Robel-Sipes,France,,
3dfdd5c9,Welch-Kuhic,Malaysia,,
19f16469,Homenick LLC,Bangladesh,,
ef7ade2e,"Dicki, Zboncak and Maggio",Canada,,
44f177e8,"Crooks, Jones and Mills",China,,
360dc41f,Reynolds-Corwin,China,,
5bbcbfce,Kreiger Inc,China,,
6b3fbb66,Brown and Sons,France,,
362c7aaa,Rippin-Rempel,Ethiopia,,
ff902ade,Lind Group,Philippines,,
5727dc90,Connelly Inc,Philippines,,
2f985173,"Borer, Yost and Ruecker",Netherlands,,
1a90f3cb,"Stoltenberg, Klein and Jaskolski",Indonesia,,
d81f2084,"Watsica, Stehr and Kohler",China,,
8c7bcece,Beahan-Christiansen,United States,,
a3ebd757,Hegmann and Sons,Burkina Faso,,
7c0bd1c6,"Wilderman, Harvey and Bashirian",Albania,,
32a041a4,Schuster-Pouros,Indonesia,,
0fb21443,Kassulke and Sons,Luxembourg,,
0695a90a,"Sporer, Kirlin and Graham",Brazil,,
4489d5e9,Hoeger-O'Connell,Poland,,
dc79f793,Muller-Klein,China,,
89cb1bd0,"Mosciski, Mertz and Gislason",Israel,,
538b8b63,Casper-Christiansen,China,,
870aff7f,O'Kon-Ferry,Brazil,,
8e3b52a9,Lubowitz and Sons,Pakistan,,
786d5e00,Labadie-Rempel,Portugal,,
6aea65c6,Durgan Inc,Zimbabwe,,
950edb44,Hyatt-Fahey,Denmark,,
e1b13ae7,Dickinson-Lynch,Poland,,
161b12c7,Howell Group,Peru,,
26b9bca3,Rohan LLC,Namibia,,
4810b8d5,"Flatley, Sauer and Green",Afghanistan,,
ae221625,"Dooley, Skiles and Rice",Poland,,
b64323b7,Jakubowski Inc,Japan,,
74e6ac50,"Turner, Thiel and Rath",Bosnia and Herzegovina,,
fce11f15,Stracke-Gusikowski,China,,
c9b5fb6c,Windler and Sons,China,,
6d573a6f,Renner Inc,Honduras,,
6d2900c8,Mitchell-Mertz,Palestinian Territory,,
f2a3d826,Hayes LLC,Philippines,,
7b1f3940,Reinger Group,Russia,,
8ab1e59b,Kuhic-Towne,Indonesia,,
97070c34,Lowe LLC,France,,
332ca9c0,Brakus-Douglas,Nigeria,,
b265e961,Dietrich and Sons,Sweden,,
85f7e6ac,Johns Inc,Indonesia,,
d61caec7,Osinski-Daugherty,United States,,
4fa88418,Hackett-Johnson,China,,
9ee1d6b7,"Marks, Friesen and Blick",Sweden,,
fb6ab635,Little Group,China,,
efcd45eb,Bosco-Strosin,Finland,,
80797dbd,Emard Group,Sweden,,
65b48fb2,Mante Group,Philippines,,
7de02bc1,Ortiz-Bednar,Philippines,,
b5659921,"Jast, Lowe and Jacobi",Indonesia,,
a72ad0f4,Cormier Group,China,,
770407f6,Pfannerstill Group,France,,
c99e22e1,"Parisian, Brekke and Dietrich",Indonesia,,
159b9629,Goldner and Sons,Philippines,,
19d78a37,"Lynch, Mayer and Jacobson",Portugal,,
c3a8a208,"Corkery, Upton and Lubowitz",China,,
621a453e,Kiehn-Ernser,Indonesia,,
90ec5742,Rath-Kulas,Mexico,,
2e2f6c8e,"Kling, Cassin and Goodwin",Turkmenistan,,
530ca20a,O'Keefe-Huel,Philippines,,
da7ece67,Stroman LLC,Philippines,,
53aa6db8,"Dare, Gusikowski and Dach",China,,
cf408b54,McKenzie Inc,Panama,,
98bd8470,Dare-Sauer,Croatia,,
43f49d8f,Grimes-Dicki,China,,
f963f965,Murazik-Ebert,China,,
f92e4b83,Witting Group,Mongolia,,
c17c42d7,Purdy-Gottlieb,Portugal,,
a5d8bd62,West LLC,Syria,,
5598219e,"Gerhold, Beier and Wiza",Portugal,,
188c2dfe,Leannon-Balistreri,Brazil,,
d581bcef,Balistreri-Wisoky,Indonesia,,
280deb8d,"Price, Johnson and Padberg",China,,
b9bda5d2,"Weimann, Runolfsson and Von",Indonesia,,
34dad023,"Zemlak, Dach and Kiehn",Kenya,,
c9c2b77b,"Sawayn, Schultz and Stanton",Philippines,,
9b709852,Blanda Group,Philippines,,
e093c393,Zemlak-Cole,China,,
1bd4b6f3,Feeney Group,Guinea,,
4aca4af1,Langosh and Sons,Nigeria,,
380dbeb2,Price LLC,Malaysia,,
bfc42ffc,Hegmann-Towne,China,,
c236baa2,Weissnat Group,Ethiopia,,
